query,gallery1,gallery2,gallery3,gallery4,gallery5,gallery6
PIC_20190522_101125,PIC_20190522_101228,PIC_20190522_103634,PIC_20190522_110113,PIC_20190522_101317,PIC_20190522_105914,PIC_20190522_101402
PIC_20190522_102949,PIC_20190522_102815,PIC_20190522_104638,PIC_20190522_103100,PIC_20190522_105227,PIC_20190522_104937,PIC_20190522_110758
PIC_20190522_113341,PIC_20190522_115857,PIC_20190522_113304,PIC_20190522_113048,PIC_20190522_114604,PIC_20190522_112916,PIC_20190522_112958
PIC_20190522_105351,PIC_20190522_105227,PIC_20190522_104638,PIC_20190522_103100,PIC_20190522_105507,PIC_20190522_110758,PIC_20190522_110702
PIC_20190522_105306,PIC_20190522_105227,PIC_20190522_110758,PIC_20190522_104638,PIC_20190522_111337,PIC_20190522_104937,PIC_20190522_111238
PIC_20190522_110845,PIC_20190522_110758,PIC_20190522_111106,PIC_20190522_105227,PIC_20190522_104937,PIC_20190522_111238,PIC_20190522_104638
PIC_20190522_111750,PIC_20190522_111715,PIC_20190522_112156,PIC_20190522_111828,PIC_20190522_110440,PIC_20190522_110359,PIC_20190522_105837
PIC_20190522_104603,PIC_20190522_104638,PIC_20190522_103100,PIC_20190522_103134,PIC_20190522_104152,PIC_20190522_105507,PIC_20190522_105227
PIC_20190522_100957,PIC_20190522_103807,PIC_20190522_110030,PIC_20190522_110113,PIC_20190522_100905,PIC_20190522_103634,PIC_20190522_105950
PIC_20190522_100546,PIC_20190522_110113,PIC_20190522_100905,PIC_20190522_100436,PIC_20190522_110152,PIC_20190522_103807,PIC_20190522_100349
PIC_20190522_111027,PIC_20190522_111106,PIC_20190522_105227,PIC_20190522_104937,PIC_20190522_113048,PIC_20190522_111238,PIC_20190522_110758
PIC_20190522_112738,PIC_20190522_112916,PIC_20190522_114753,PIC_20190522_111337,PIC_20190522_111550,PIC_20190522_114915,PIC_20190522_111238
PIC_20190522_120258,PIC_20190522_111238,PIC_20190522_114753,PIC_20190522_115351,PIC_20190522_102455,PIC_20190522_105950,PIC_20190522_102222
PIC_20190522_111637,PIC_20190522_111550,PIC_20190522_111715,PIC_20190522_110702,PIC_20190522_112543,PIC_20190522_111337,PIC_20190522_114915
PIC_20190522_120544,PIC_20190522_120138,PIC_20190522_111106,PIC_20190522_103100,PIC_20190522_111238,PIC_20190522_120508,PIC_20190522_102131
PIC_20190522_102909,PIC_20190522_102815,PIC_20190522_104937,PIC_20190522_104638,PIC_20190522_105227,PIC_20190522_103100,PIC_20190522_111337
PIC_20190522_102404,PIC_20190522_102311,PIC_20190522_102455,PIC_20190522_102222,PIC_20190522_110758,PIC_20190522_103100,PIC_20190522_112916
PIC_20190522_103255,PIC_20190522_104152,PIC_20190522_103134,PIC_20190522_103100,PIC_20190522_105507,PIC_20190522_111550,PIC_20190522_110702
PIC_20190522_100509,PIC_20190522_100436,PIC_20190522_100349,PIC_20190522_110113,PIC_20190522_103634,PIC_20190522_100905,PIC_20190522_112543
PIC_20190522_101820,PIC_20190522_102131,PIC_20190522_104937,PIC_20190522_102222,PIC_20190522_101644,PIC_20190522_102311,PIC_20190522_111337
PIC_20190522_103339,PIC_20190522_104016,PIC_20190522_103418,PIC_20190522_104152,PIC_20190522_105801,PIC_20190522_105705,PIC_20190522_105914
PIC_20190522_105558,PIC_20190522_110702,PIC_20190522_105507,PIC_20190522_104152,PIC_20190522_105631,PIC_20190522_111550,PIC_20190522_104638
PIC_20190522_105048,PIC_20190522_104937,PIC_20190522_105227,PIC_20190522_110758,PIC_20190522_102815,PIC_20190522_104638,PIC_20190522_111106
PIC_20190522_103718,PIC_20190522_103807,PIC_20190522_102131,PIC_20190522_101402,PIC_20190522_103634,PIC_20190522_115351,PIC_20190522_110152
PIC_20190522_100806,PIC_20190522_110113,PIC_20190522_110152,PIC_20190522_100905,PIC_20190522_103936,PIC_20190522_103807,PIC_20190522_105950
PIC_20190522_104446,PIC_20190522_103134,PIC_20190522_104152,PIC_20190522_105507,PIC_20190522_103100,PIC_20190522_104638,PIC_20190522_110758
PIC_20190522_102634,PIC_20190522_102815,PIC_20190522_104937,PIC_20190522_110758,PIC_20190522_111106,PIC_20190522_110702,PIC_20190522_103100
PIC_20190522_101726,PIC_20190522_102131,PIC_20190522_101644,PIC_20190522_104937,PIC_20190522_120429,PIC_20190522_102222,PIC_20190522_112916
PIC_20190522_120004,PIC_20190522_113304,PIC_20190522_113142,PIC_20190522_111238,PIC_20190522_112958,PIC_20190522_113048,PIC_20190522_114604
PIC_20190522_120223,PIC_20190522_101644,PIC_20190522_114753,PIC_20190522_120138,PIC_20190522_111550,PIC_20190522_112916,PIC_20190522_102311
PIC_20190522_110615,PIC_20190522_110702,PIC_20190522_105631,PIC_20190522_111550,PIC_20190522_105705,PIC_20190522_105507,PIC_20190522_111715
PIC_20190522_110928,PIC_20190522_104937,PIC_20190522_110758,PIC_20190522_111106,PIC_20190522_102815,PIC_20190522_105227,PIC_20190522_112958
PIC_20190522_105137,PIC_20190522_105227,PIC_20190522_110758,PIC_20190522_104937,PIC_20190522_111238,PIC_20190522_102815,PIC_20190522_111106
PIC_20190522_104527,PIC_20190522_103100,PIC_20190522_103134,PIC_20190522_104638,PIC_20190522_105507,PIC_20190522_105227,PIC_20190522_105631
PIC_20190522_111411,PIC_20190522_111337,PIC_20190522_111550,PIC_20190522_111238,PIC_20190522_112916,PIC_20190522_110758,PIC_20190522_111106
PIC_20190522_100645,PIC_20190522_110113,PIC_20190522_100905,PIC_20190522_110152,PIC_20190522_111828,PIC_20190522_105950,PIC_20190522_105837
PIC_20190522_114956,PIC_20190522_115043,PIC_20190522_115351,PIC_20190522_115311,PIC_20190522_112543,PIC_20190522_114915,PIC_20190522_115217
PIC_20190522_112634,PIC_20190522_112543,PIC_20190522_111550,PIC_20190522_114915,PIC_20190522_110702,PIC_20190522_115351,PIC_20190522_105507
PIC_20190522_110532,PIC_20190522_105705,PIC_20190522_111715,PIC_20190522_105631,PIC_20190522_104016,PIC_20190522_105801,PIC_20190522_110440
PIC_20190522_104713,PIC_20190522_104638,PIC_20190522_105227,PIC_20190522_103100,PIC_20190522_104937,PIC_20190522_110758,PIC_20190522_102815
PIC_20190522_114832,PIC_20190522_114915,PIC_20190522_114753,PIC_20190522_115351,PIC_20190522_114604,PIC_20190522_112543,PIC_20190522_111550
PIC_20190522_104111,PIC_20190522_105631,PIC_20190522_104152,PIC_20190522_105705,PIC_20190522_105507,PIC_20190522_103134,PIC_20190522_110702
PIC_20190522_120738,PIC_20190522_103100,PIC_20190522_104638,PIC_20190522_103134,PIC_20190522_110758,PIC_20190522_105227,PIC_20190522_104152
PIC_20190522_115752,PIC_20190522_114915,PIC_20190522_115351,PIC_20190522_114753,PIC_20190522_112916,PIC_20190522_114604,PIC_20190522_120401
PIC_20190522_110233,PIC_20190522_105950,PIC_20190522_110152,PIC_20190522_105914,PIC_20190522_103936,PIC_20190522_120701,PIC_20190522_105837
PIC_20190522_105431,PIC_20190522_105507,PIC_20190522_103100,PIC_20190522_104638,PIC_20190522_105227,PIC_20190522_110702,PIC_20190522_103134
PIC_20190522_101602,PIC_20190522_101644,PIC_20190522_102131,PIC_20190522_103100,PIC_20190522_105507,PIC_20190522_102222,PIC_20190522_113142
PIC_20190522_104751,PIC_20190522_105227,PIC_20190522_104937,PIC_20190522_104638,PIC_20190522_102815,PIC_20190522_110758,PIC_20190522_103100
PIC_20190522_102044,PIC_20190522_102131,PIC_20190522_101644,PIC_20190522_113142,PIC_20190522_102222,PIC_20190522_105227,PIC_20190522_104152
PIC_20190522_103023,PIC_20190522_104638,PIC_20190522_103100,PIC_20190522_105227,PIC_20190522_105507,PIC_20190522_103134,PIC_20190522_110758
PIC_20190522_120034,PIC_20190522_113142,PIC_20190522_115857,PIC_20190522_120508,PIC_20190522_101402,PIC_20190522_113304,PIC_20190522_120138
PIC_20190522_111151,PIC_20190522_111106,PIC_20190522_111238,PIC_20190522_111337,PIC_20190522_110758,PIC_20190522_105227,PIC_20190522_112958
PIC_20190522_104401,PIC_20190522_104152,PIC_20190522_105507,PIC_20190522_103134,PIC_20190522_103100,PIC_20190522_104638,PIC_20190522_105631
PIC_20190522_101045,PIC_20190522_103634,PIC_20190522_100905,PIC_20190522_103807,PIC_20190522_110113,PIC_20190522_105914,PIC_20190522_110030
PIC_20190522_105012,PIC_20190522_104937,PIC_20190522_102815,PIC_20190522_111106,PIC_20190522_110758,PIC_20190522_105227,PIC_20190522_104638
PIC_20190522_103855,PIC_20190522_105914,PIC_20190522_105950,PIC_20190522_103508,PIC_20190522_110152,PIC_20190522_103936,PIC_20190522_103418
PIC_20190512_181129,PIC_20190512_181354,PIC_20190512_181042,PIC_20190512_180951,PIC_20190512_180312,PIC_20190512_181801,PIC_20190512_182803
PIC_20190512_165411,PIC_20190512_162756,PIC_20190512_165949,PIC_20190512_165858,PIC_20190512_164750,PIC_20190512_162655,PIC_20190512_165133
PIC_20190512_172240,PIC_20190512_173124,PIC_20190512_172502,PIC_20190512_180444,PIC_20190512_172736,PIC_20190512_165858,PIC_20190512_173410
PIC_20190512_164243,PIC_20190512_164316,PIC_20190512_164948,PIC_20190512_164750,PIC_20190512_164549,PIC_20190512_164501,PIC_20190512_165049
PIC_20190512_175024,PIC_20190512_174854,PIC_20190512_174701,PIC_20190512_175923,PIC_20190512_174757,PIC_20190512_165858,PIC_20190512_165133
PIC_20190512_182333,PIC_20190512_182250,PIC_20190512_182021,PIC_20190512_182803,PIC_20190512_182218,PIC_20190512_182910,PIC_20190512_182134
PIC_20190512_170814,PIC_20190512_170633,PIC_20190512_171017,PIC_20190512_170917,PIC_20190512_171159,PIC_20190512_171314,PIC_20190512_171420
PIC_20190512_164148,PIC_20190512_164316,PIC_20190512_164948,PIC_20190512_164750,PIC_20190512_165049,PIC_20190512_163558,PIC_20190512_164501
PIC_20190512_165303,PIC_20190512_164750,PIC_20190512_165049,PIC_20190512_164501,PIC_20190512_165949,PIC_20190512_164948,PIC_20190512_165133
PIC_20190512_182558,PIC_20190512_182525,PIC_20190512_182637,PIC_20190512_182021,PIC_20190512_182218,PIC_20190512_183229,PIC_20190512_182250
PIC_20190512_172036,PIC_20190512_173410,PIC_20190512_173124,PIC_20190512_174159,PIC_20190512_165858,PIC_20190512_174320,PIC_20190512_165949
PIC_20190512_175138,PIC_20190512_175923,PIC_20190512_174701,PIC_20190512_175437,PIC_20190512_180606,PIC_20190512_180847,PIC_20190512_182021
PIC_20190512_165523,PIC_20190512_162756,PIC_20190512_162655,PIC_20190512_165858,PIC_20190512_160745,PIC_20190512_162857,PIC_20190512_162607
PIC_20190512_181302,PIC_20190512_181354,PIC_20190512_181042,PIC_20190512_180951,PIC_20190512_180847,PIC_20190512_181617,PIC_20190512_181801
PIC_20190512_181448,PIC_20190512_181354,PIC_20190512_180847,PIC_20190512_181617,PIC_20190512_180808,PIC_20190512_181042,PIC_20190512_180444
PIC_20190512_183103,PIC_20190512_183011,PIC_20190512_182910,PIC_20190512_183229,PIC_20190512_180847,PIC_20190512_182218,PIC_20190512_173124
PIC_20190512_161827,PIC_20190512_162014,PIC_20190512_162304,PIC_20190512_174159,PIC_20190512_162952,PIC_20190512_173124,PIC_20190512_174854
PIC_20190512_173012,PIC_20190512_173124,PIC_20190512_173410,PIC_20190512_174159,PIC_20190512_172502,PIC_20190512_165858,PIC_20190512_165949
PIC_20190512_174428,PIC_20190512_173124,PIC_20190512_174159,PIC_20190512_173410,PIC_20190512_175923,PIC_20190512_174320,PIC_20190512_174701
PIC_20190512_161713,PIC_20190512_161538,PIC_20190512_162304,PIC_20190512_160745,PIC_20190512_162607,PIC_20190512_162952,PIC_20190512_162857
PIC_20190512_164844,PIC_20190512_164948,PIC_20190512_164750,PIC_20190512_165049,PIC_20190512_164316,PIC_20190512_164501,PIC_20190512_165133
PIC_20190512_181927,PIC_20190512_182021,PIC_20190512_181617,PIC_20190512_182250,PIC_20190512_181801,PIC_20190512_182134,PIC_20190512_181354
PIC_20190512_165617,PIC_20190512_165858,PIC_20190512_165949,PIC_20190512_162655,PIC_20190512_162515,PIC_20190512_173410,PIC_20190512_162607
PIC_20190512_162334,PIC_20190512_162304,PIC_20190512_162515,PIC_20190512_162607,PIC_20190512_160745,PIC_20190512_162655,PIC_20190512_162756
PIC_20190512_170133,PIC_20190512_170038,PIC_20190512_180606,PIC_20190512_174320,PIC_20190512_171314,PIC_20190512_165949,PIC_20190512_164948
PIC_20190512_183448,PIC_20190512_182637,PIC_20190512_183229,PIC_20190512_183011,PIC_20190512_180444,PIC_20190512_174320,PIC_20190512_181042
PIC_20190512_180737,PIC_20190512_180808,PIC_20190512_180645,PIC_20190512_181617,PIC_20190512_182021,PIC_20190512_180606,PIC_20190512_180444
PIC_20190512_164044,PIC_20190512_163558,PIC_20190512_164316,PIC_20190512_163949,PIC_20190512_164501,PIC_20190512_165049,PIC_20190512_163438
PIC_20190512_161509,PIC_20190512_162857,PIC_20190512_160745,PIC_20190512_162756,PIC_20190512_162655,PIC_20190512_161538,PIC_20190512_164549
PIC_20190512_171722,PIC_20190512_173410,PIC_20190512_174159,PIC_20190512_171159,PIC_20190512_171314,PIC_20190512_173124,PIC_20190512_174320
PIC_20190512_181707,PIC_20190512_181617,PIC_20190512_181801,PIC_20190512_180847,PIC_20190512_182021,PIC_20190512_180808,PIC_20190512_181354
PIC_20190512_183152,PIC_20190512_183229,PIC_20190512_183011,PIC_20190512_182803,PIC_20190512_182910,PIC_20190512_171420,PIC_20190512_163403
PIC_20190512_175347,PIC_20190512_175923,PIC_20190512_175437,PIC_20190512_180444,PIC_20190512_173410,PIC_20190512_180847,PIC_20190512_180312
PIC_20190512_172347,PIC_20190512_172502,PIC_20190512_174757,PIC_20190512_173124,PIC_20190512_180312,PIC_20190512_170038,PIC_20190512_165949
PIC_20190512_170559,PIC_20190512_170633,PIC_20190512_165133,PIC_20190512_171017,PIC_20190512_170917,PIC_20190512_182250,PIC_20190512_165049
PIC_20190512_163312,PIC_20190512_163403,PIC_20190512_164549,PIC_20190512_163438,PIC_20190512_161538,PIC_20190512_164316,PIC_20190512_164750
PIC_20190512_172121,PIC_20190512_173124,PIC_20190512_180606,PIC_20190512_173410,PIC_20190512_174159,PIC_20190512_174320,PIC_20190512_172502
PIC_20190512_170310,PIC_20190512_165133,PIC_20190512_170038,PIC_20190512_165049,PIC_20190512_171159,PIC_20190512_165949,PIC_20190512_171017
PIC_20190512_163049,PIC_20190512_162952,PIC_20190512_162857,PIC_20190512_161538,PIC_20190512_164549,PIC_20190512_162756,PIC_20190512_162014
PIC_20190512_175810,PIC_20190512_175437,PIC_20190512_175923,PIC_20190512_180444,PIC_20190512_180847,PIC_20190512_180606,PIC_20190512_180808
PIC_20190512_165739,PIC_20190512_165858,PIC_20190512_172502,PIC_20190512_173410,PIC_20190512_162655,PIC_20190512_165949,PIC_20190512_170038
PIC_20190512_174557,PIC_20190512_173124,PIC_20190512_174701,PIC_20190512_174757,PIC_20190512_174854,PIC_20190512_173410,PIC_20190512_171159
PIC_20190512_172814,PIC_20190512_173124,PIC_20190512_172502,PIC_20190512_173410,PIC_20190512_180312,PIC_20190512_180444,PIC_20190512_172736
PIC_20190512_171923,PIC_20190512_173410,PIC_20190512_174159,PIC_20190512_174320,PIC_20190512_171159,PIC_20190512_171314,PIC_20190512_170038
PIC_20190512_183415,PIC_20190512_183229,PIC_20190512_160745,PIC_20190512_182250,PIC_20190512_181801,PIC_20190512_182525,PIC_20190512_174701
PIC_20190512_171100,PIC_20190512_170917,PIC_20190512_171017,PIC_20190512_171159,PIC_20190512_170633,PIC_20190512_171314,PIC_20190512_173410
PIC_20190512_175256,PIC_20190512_175923,PIC_20190512_175437,PIC_20190512_180312,PIC_20190512_180606,PIC_20190512_180951,PIC_20190512_173410
PIC_20190512_181547,PIC_20190512_181617,PIC_20190512_181354,PIC_20190512_181801,PIC_20190512_180847,PIC_20190512_180808,PIC_20190512_182250
PIC_20190512_182053,PIC_20190512_182021,PIC_20190512_180645,PIC_20190512_182134,PIC_20190512_180606,PIC_20190512_180847,PIC_20190512_182250
PIC_20190512_175704,PIC_20190512_175437,PIC_20190512_180606,PIC_20190512_175923,PIC_20190512_180444,PIC_20190512_174159,PIC_20190512_173410
PIC_20190518_133545,PIC_20190518_133703,PIC_20190518_133934,PIC_20190518_133222,PIC_20190518_132927,PIC_20190518_133008,PIC_20190518_133738
PIC_20190518_143333,PIC_20190518_143405,PIC_20190518_143229,PIC_20190518_143302,PIC_20190518_143157,PIC_20190518_144330,PIC_20190518_142329
PIC_20190518_135240,PIC_20190518_134951,PIC_20190518_135027,PIC_20190518_135349,PIC_20190518_134906,PIC_20190518_135701,PIC_20190518_140939
PIC_20190518_142406,PIC_20190518_142329,PIC_20190518_142006,PIC_20190518_142944,PIC_20190518_143157,PIC_20190518_142903,PIC_20190518_142512
PIC_20190518_133251,PIC_20190518_133222,PIC_20190518_132927,PIC_20190518_133934,PIC_20190518_142903,PIC_20190518_142829,PIC_20190518_143405
PIC_20190518_134752,PIC_20190518_134718,PIC_20190518_134403,PIC_20190518_134827,PIC_20190518_134951,PIC_20190518_134644,PIC_20190518_134906
PIC_20190518_140430,PIC_20190518_140900,PIC_20190518_134951,PIC_20190518_140138,PIC_20190518_141658,PIC_20190518_134906,PIC_20190518_141601
PIC_20190518_133149,PIC_20190518_133359,PIC_20190518_133222,PIC_20190518_133008,PIC_20190518_132619,PIC_20190518_133703,PIC_20190518_132732
PIC_20190518_141731,PIC_20190518_141658,PIC_20190518_141803,PIC_20190518_142606,PIC_20190518_142512,PIC_20190518_141601,PIC_20190518_140939
PIC_20190518_144727,PIC_20190518_144653,PIC_20190518_143405,PIC_20190518_144330,PIC_20190518_144802,PIC_20190518_144839,PIC_20190518_143157
PIC_20190518_141630,PIC_20190518_141601,PIC_20190518_141658,PIC_20190518_140900,PIC_20190518_141803,PIC_20190518_141839,PIC_20190518_141910
PIC_20190518_151636,PIC_20190518_151711,PIC_20190518_151749,PIC_20190518_151449,PIC_20190518_144955,PIC_20190518_151944,PIC_20190518_145315
PIC_20190518_150529,PIC_20190518_150420,PIC_20190518_145628,PIC_20190518_150718,PIC_20190518_143302,PIC_20190518_141405,PIC_20190518_134403
PIC_20190518_133327,PIC_20190518_133222,PIC_20190518_133359,PIC_20190518_133703,PIC_20190518_132533,PIC_20190518_133008,PIC_20190518_133738
PIC_20190518_141939,PIC_20190518_142006,PIC_20190518_141910,PIC_20190518_141459,PIC_20190518_141839,PIC_20190518_141405,PIC_20190518_142512
PIC_20190518_141254,PIC_20190518_141405,PIC_20190518_140138,PIC_20190518_135814,PIC_20190518_143157,PIC_20190518_142329,PIC_20190518_141123
PIC_20190518_140742,PIC_20190518_141658,PIC_20190518_140900,PIC_20190518_135027,PIC_20190518_141803,PIC_20190518_141839,PIC_20190518_142006
PIC_20190518_145233,PIC_20190518_151711,PIC_20190518_151749,PIC_20190518_151449,PIC_20190518_151944,PIC_20190518_144955,PIC_20190518_151357
PIC_20190518_142539,PIC_20190518_142512,PIC_20190518_142606,PIC_20190518_142829,PIC_20190518_141803,PIC_20190518_141839,PIC_20190518_142944
PIC_20190518_133510,PIC_20190518_133703,PIC_20190518_132850,PIC_20190518_133008,PIC_20190518_133738,PIC_20190518_133359,PIC_20190518_133222
PIC_20190518_141334,PIC_20190518_141405,PIC_20190518_141123,PIC_20190518_140138,PIC_20190518_142006,PIC_20190518_142329,PIC_20190518_141459
PIC_20190518_150752,PIC_20190518_145628,PIC_20190518_151357,PIC_20190518_151944,PIC_20190518_135814,PIC_20190518_151749,PIC_20190518_151711
PIC_20190518_141154,PIC_20190518_141123,PIC_20190518_141405,PIC_20190518_140138,PIC_20190518_141459,PIC_20190518_135814,PIC_20190518_142006
PIC_20190518_140507,PIC_20190518_135027,PIC_20190518_140900,PIC_20190518_140939,PIC_20190518_135349,PIC_20190518_140255,PIC_20190518_142006
PIC_20190518_142630,PIC_20190518_142606,PIC_20190518_142829,PIC_20190518_142903,PIC_20190518_142512,PIC_20190518_141839,PIC_20190518_141658
PIC_20190518_142701,PIC_20190518_142829,PIC_20190518_142512,PIC_20190518_142606,PIC_20190518_142903,PIC_20190518_141839,PIC_20190518_141910
PIC_20190518_132117,PIC_20190518_132619,PIC_20190518_132155,PIC_20190518_133359,PIC_20190518_131630,PIC_20190518_133008,PIC_20190518_132533
PIC_20190518_150635,PIC_20190518_145315,PIC_20190518_145628,PIC_20190518_151749,PIC_20190518_141839,PIC_20190518_151711,PIC_20190518_150420
PIC_20190518_142037,PIC_20190518_142006,PIC_20190518_142329,PIC_20190518_143157,PIC_20190518_142153,PIC_20190518_141405,PIC_20190518_143229
PIC_20190518_131924,PIC_20190518_131630,PIC_20190518_132416,PIC_20190518_133008,PIC_20190518_132155,PIC_20190518_132254,PIC_20190518_133738
PIC_20190518_135953,PIC_20190518_135850,PIC_20190518_135814,PIC_20190518_140138,PIC_20190518_140255,PIC_20190518_135737,PIC_20190518_142903
PIC_20190518_142442,PIC_20190518_142903,PIC_20190518_141910,PIC_20190518_142512,PIC_20190518_142944,PIC_20190518_142829,PIC_20190518_141839
PIC_20190518_150827,PIC_20190518_151711,PIC_20190518_145628,PIC_20190518_141910,PIC_20190518_151357,PIC_20190518_151749,PIC_20190518_150718
PIC_20190518_133041,PIC_20190518_133738,PIC_20190518_132732,PIC_20190518_133008,PIC_20190518_133117,PIC_20190518_132850,PIC_20190518_131630
PIC_20190518_142222,PIC_20190518_142153,PIC_20190518_142329,PIC_20190518_143229,PIC_20190518_143157,PIC_20190518_142006,PIC_20190518_143405
PIC_20190518_141014,PIC_20190518_140939,PIC_20190518_140255,PIC_20190518_140900,PIC_20190518_141459,PIC_20190518_141601,PIC_20190518_135701
PIC_20190518_141219,PIC_20190518_141405,PIC_20190518_140138,PIC_20190518_142006,PIC_20190518_142329,PIC_20190518_141123,PIC_20190518_135814
PIC_20190518_151526,PIC_20190518_151902,PIC_20190518_151449,PIC_20190518_151711,PIC_20190518_151944,PIC_20190518_144955,PIC_20190518_144441
PIC_20190518_144542,PIC_20190518_144618,PIC_20190518_142944,PIC_20190518_144441,PIC_20190518_141658,PIC_20190518_144513,PIC_20190518_133359
PIC_20190518_140105,PIC_20190518_140138,PIC_20190518_135850,PIC_20190518_135814,PIC_20190518_141405,PIC_20190518_141123,PIC_20190518_141459
PIC_20190518_151601,PIC_20190518_151449,PIC_20190518_151711,PIC_20190518_151749,PIC_20190518_151944,PIC_20190518_145628,PIC_20190518_132619
PIC_20190518_134256,PIC_20190518_134951,PIC_20190518_134906,PIC_20190518_135027,PIC_20190518_135349,PIC_20190518_134827,PIC_20190518_134403
PIC_20190518_151312,PIC_20190518_142512,PIC_20190518_151357,PIC_20190518_141658,PIC_20190518_133934,PIC_20190518_141803,PIC_20190518_151449
PIC_20190518_135315,PIC_20190518_135349,PIC_20190518_134951,PIC_20190518_134906,PIC_20190518_135027,PIC_20190518_135701,PIC_20190518_140255
PIC_20190518_141525,PIC_20190518_141601,PIC_20190518_141459,PIC_20190518_141910,PIC_20190518_140939,PIC_20190518_142006,PIC_20190518_140255
PIC_20190518_152017,PIC_20190518_151449,PIC_20190518_151944,PIC_20190518_145353,PIC_20190518_145628,PIC_20190518_151902,PIC_20190518_151711
PIC_20190518_134058,PIC_20190518_133934,PIC_20190518_144802,PIC_20190518_132619,PIC_20190518_132254,PIC_20190518_133117,PIC_20190518_132927
PIC_20190518_142251,PIC_20190518_142329,PIC_20190518_143157,PIC_20190518_143229,PIC_20190518_142153,PIC_20190518_142006,PIC_20190518_143405
PIC_20190518_135145,PIC_20190518_134951,PIC_20190518_135027,PIC_20190518_135349,PIC_20190518_135701,PIC_20190518_134906,PIC_20190518_140939
PIC_20190518_134328,PIC_20190518_134906,PIC_20190518_134827,PIC_20190518_134403,PIC_20190518_134951,PIC_20190518_135349,PIC_20190518_135737
PIC_20190518_140400,PIC_20190518_140900,PIC_20190518_135349,PIC_20190518_140939,PIC_20190518_140255,PIC_20190518_134906,PIC_20190518_141601
PIC_20190518_141048,PIC_20190518_141123,PIC_20190518_141459,PIC_20190518_141405,PIC_20190518_140255,PIC_20190518_140138,PIC_20190518_140939
PIC_20190518_150936,PIC_20190518_151357,PIC_20190518_145315,PIC_20190518_133222,PIC_20190518_151711,PIC_20190518_135814,PIC_20190518_151944
PIC_20190518_145728,PIC_20190518_145315,PIC_20190518_145628,PIC_20190518_145353,PIC_20190518_150718,PIC_20190518_151749,PIC_20190518_151711
PIC_20190518_140216,PIC_20190518_140255,PIC_20190518_135737,PIC_20190518_140138,PIC_20190518_135814,PIC_20190518_135701,PIC_20190518_141123
PIC_20190518_135921,PIC_20190518_135850,PIC_20190518_135814,PIC_20190518_140138,PIC_20190518_135737,PIC_20190518_141459,PIC_20190518_141405
PIC_20190518_151822,PIC_20190518_144955,PIC_20190518_151449,PIC_20190518_151944,PIC_20190518_151357,PIC_20190518_151749,PIC_20190518_151711
PIC_20190518_133434,PIC_20190518_133738,PIC_20190518_133359,PIC_20190518_132732,PIC_20190518_133117,PIC_20190518_131630,PIC_20190518_133703
PIC_20190518_145453,PIC_20190518_145628,PIC_20190518_151944,PIC_20190518_145353,PIC_20190518_144802,PIC_20190518_131630,PIC_20190518_132455
PIC_20190530_220729,PIC_20190530_210437,PIC_20190530_222501,PIC_20190530_223826,PIC_20190530_204636,PIC_20190530_220223,PIC_20190530_201500
PIC_20190530_213550,PIC_20190530_210753,PIC_20190530_220133,PIC_20190530_213933,PIC_20190530_213749,PIC_20190530_215348,PIC_20190530_213842
PIC_20190530_205359,PIC_20190530_203026,PIC_20190530_202941,PIC_20190530_220553,PIC_20190530_223826,PIC_20190530_203632,PIC_20190530_203849
PIC_20190530_205840,PIC_20190530_203849,PIC_20190530_223826,PIC_20190530_205800,PIC_20190530_223731,PIC_20190530_203632,PIC_20190530_202941
PIC_20190530_223943,PIC_20190530_221719,PIC_20190530_203849,PIC_20190530_205800,PIC_20190530_223826,PIC_20190530_221834,PIC_20190530_204636
PIC_20190530_203246,PIC_20190530_203446,PIC_20190530_203026,PIC_20190530_203632,PIC_20190530_205130,PIC_20190530_220553,PIC_20190530_203849
PIC_20190530_205236,PIC_20190530_205130,PIC_20190530_203446,PIC_20190530_203632,PIC_20190530_203849,PIC_20190530_220223,PIC_20190530_204636
PIC_20190530_220417,PIC_20190530_223731,PIC_20190530_203849,PIC_20190530_223826,PIC_20190530_203632,PIC_20190530_220223,PIC_20190530_205800
PIC_20190530_222058,PIC_20190530_205800,PIC_20190530_221834,PIC_20190530_223826,PIC_20190530_221619,PIC_20190530_204732,PIC_20190530_203849
PIC_20190530_202301,PIC_20190530_224033,PIC_20190530_223154,PIC_20190530_202629,PIC_20190530_214631,PIC_20190530_204636,PIC_20190530_205543
PIC_20190530_214255,PIC_20190530_215901,PIC_20190530_214452,PIC_20190530_214946,PIC_20190530_214209,PIC_20190530_215949,PIC_20190530_214029
PIC_20190530_210642,PIC_20190530_222607,PIC_20190530_210753,PIC_20190530_211409,PIC_20190530_222957,PIC_20190530_222710,PIC_20190530_222842
PIC_20190530_214903,PIC_20190530_214452,PIC_20190530_214946,PIC_20190530_215949,PIC_20190530_215901,PIC_20190530_214029,PIC_20190530_214209
PIC_20190530_205027,PIC_20190530_203632,PIC_20190530_220223,PIC_20190530_203446,PIC_20190530_205130,PIC_20190530_203026,PIC_20190530_204636
PIC_20190530_205440,PIC_20190530_202941,PIC_20190530_205543,PIC_20190530_205800,PIC_20190530_203849,PIC_20190530_220553,PIC_20190530_223826
PIC_20190530_202030,PIC_20190530_224033,PIC_20190530_221619,PIC_20190530_202629,PIC_20190530_221930,PIC_20190530_221719,PIC_20190530_205800
PIC_20190530_210122,PIC_20190530_220223,PIC_20190530_204636,PIC_20190530_203849,PIC_20190530_223731,PIC_20190530_205130,PIC_20190530_203632
PIC_20190530_213006,PIC_20190530_213148,PIC_20190530_215348,PIC_20190530_222957,PIC_20190530_211409,PIC_20190530_214029,PIC_20190530_213933
PIC_20190530_201607,PIC_20190530_201500,PIC_20190530_204732,PIC_20190530_210437,PIC_20190530_203849,PIC_20190530_204636,PIC_20190530_223826
PIC_20190530_214111,PIC_20190530_215348,PIC_20190530_214209,PIC_20190530_214029,PIC_20190530_215901,PIC_20190530_213148,PIC_20190530_213933
PIC_20190530_215226,PIC_20190530_213933,PIC_20190530_213842,PIC_20190530_214029,PIC_20190530_220040,PIC_20190530_220133,PIC_20190530_215348
PIC_20190530_203733,PIC_20190530_203849,PIC_20190530_223731,PIC_20190530_223826,PIC_20190530_203632,PIC_20190530_205800,PIC_20190530_203446
PIC_20190530_214715,PIC_20190530_214631,PIC_20190530_220040,PIC_20190530_213842,PIC_20190530_215949,PIC_20190530_215818,PIC_20190530_213933
PIC_20190530_201953,PIC_20190530_221619,PIC_20190530_224033,PIC_20190530_221719,PIC_20190530_205800,PIC_20190530_203849,PIC_20190530_202629
PIC_20190530_210350,PIC_20190530_204636,PIC_20190530_204732,PIC_20190530_210437,PIC_20190530_201500,PIC_20190530_205800,PIC_20190530_221834
PIC_20190530_202752,PIC_20190530_205543,PIC_20190530_202629,PIC_20190530_202941,PIC_20190530_203849,PIC_20190530_205800,PIC_20190530_223154
PIC_20190530_213405,PIC_20190530_215348,PIC_20190530_214029,PIC_20190530_213148,PIC_20190530_214209,PIC_20190530_213933,PIC_20190530_213842
PIC_20190530_201724,PIC_20190530_221719,PIC_20190530_221619,PIC_20190530_221834,PIC_20190530_205800,PIC_20190530_203849,PIC_20190530_204636
PIC_20190530_215306,PIC_20190530_213933,PIC_20190530_214029,PIC_20190530_214452,PIC_20190530_215348,PIC_20190530_213842,PIC_20190530_215949
PIC_20190530_222249,PIC_20190530_204732,PIC_20190530_210437,PIC_20190530_201500,PIC_20190530_204636,PIC_20190530_220040,PIC_20190530_222501
PIC_20190530_202425,PIC_20190530_224033,PIC_20190530_202514,PIC_20190530_221930,PIC_20190530_221619,PIC_20190530_214631,PIC_20190530_204636
PIC_20190530_221028,PIC_20190530_204636,PIC_20190530_203849,PIC_20190530_221719,PIC_20190530_205800,PIC_20190530_223826,PIC_20190530_204732
PIC_20190530_223615,PIC_20190530_205543,PIC_20190530_220040,PIC_20190530_202941,PIC_20190530_223154,PIC_20190530_221834,PIC_20190530_214631
PIC_20190530_211527,PIC_20190530_211409,PIC_20190530_222957,PIC_20190530_222842,PIC_20190530_215348,PIC_20190530_213148,PIC_20190530_222710
PIC_20190530_213503,PIC_20190530_213933,PIC_20190530_213749,PIC_20190530_213842,PIC_20190530_215348,PIC_20190530_210753,PIC_20190530_220133
PIC_20190530_222150,PIC_20190530_202514,PIC_20190530_221930,PIC_20190530_224033,PIC_20190530_214631,PIC_20190530_221619,PIC_20190530_215348
PIC_20190530_210546,PIC_20190530_222501,PIC_20190530_210437,PIC_20190530_201500,PIC_20190530_204732,PIC_20190530_214631,PIC_20190530_204636
PIC_20190530_214538,PIC_20190530_214452,PIC_20190530_215949,PIC_20190530_220040,PIC_20190530_213933,PIC_20190530_214631,PIC_20190530_213842
PIC_20190530_215529,PIC_20190530_215713,PIC_20190530_215348,PIC_20190530_213148,PIC_20190530_215818,PIC_20190530_214029,PIC_20190530_214946
PIC_20190530_201023,PIC_20190530_200345,PIC_20190530_201500,PIC_20190530_203849,PIC_20190530_204732,PIC_20190530_205800,PIC_20190530_214631
PIC_20190531_141152,PIC_20190531_141237,PIC_20190531_141113,PIC_20190531_141336,PIC_20190531_140624,PIC_20190531_160505,PIC_20190531_161539
PIC_20190531_143943,PIC_20190531_143910,PIC_20190531_144135,PIC_20190531_144101,PIC_20190531_143720,PIC_20190531_144736,PIC_20190531_152735
PIC_20190531_161354,PIC_20190531_161258,PIC_20190531_161539,PIC_20190531_161446,PIC_20190531_161158,PIC_20190531_161048,PIC_20190531_143106
PIC_20190531_140106,PIC_20190531_142901,PIC_20190531_143007,PIC_20190531_140348,PIC_20190531_140454,PIC_20190531_143106,PIC_20190531_135652
PIC_20190531_141435,PIC_20190531_141237,PIC_20190531_141336,PIC_20190531_135326,PIC_20190531_134936,PIC_20190531_140454,PIC_20190531_143106
PIC_20190531_153327,PIC_20190531_153744,PIC_20190531_154016,PIC_20190531_153429,PIC_20190531_153228,PIC_20190531_154106,PIC_20190531_154346
PIC_20190531_140254,PIC_20190531_142901,PIC_20190531_153848,PIC_20190531_144101,PIC_20190531_161539,PIC_20190531_142706,PIC_20190531_144640
PIC_20190531_152949,PIC_20190531_152735,PIC_20190531_152443,PIC_20190531_153429,PIC_20190531_153525,PIC_20190531_154106,PIC_20190531_154452
PIC_20190531_154154,PIC_20190531_153525,PIC_20190531_154106,PIC_20190531_154608,PIC_20190531_153429,PIC_20190531_154452,PIC_20190531_154016
PIC_20190531_135748,PIC_20190531_143007,PIC_20190531_142901,PIC_20190531_135652,PIC_20190531_143106,PIC_20190531_143250,PIC_20190531_135457
PIC_20190531_142245,PIC_20190531_142103,PIC_20190531_143106,PIC_20190531_141957,PIC_20190531_153848,PIC_20190531_160505,PIC_20190531_142901
PIC_20190531_152325,PIC_20190531_144851,PIC_20190531_144736,PIC_20190531_152443,PIC_20190531_154452,PIC_20190531_143910,PIC_20190531_144640
PIC_20190531_152837,PIC_20190531_153429,PIC_20190531_153525,PIC_20190531_152735,PIC_20190531_154452,PIC_20190531_152443,PIC_20190531_154657
PIC_20190531_153115,PIC_20190531_153228,PIC_20190531_153848,PIC_20190531_161048,PIC_20190531_161158,PIC_20190531_154016,PIC_20190531_153744
PIC_20190531_154935,PIC_20190531_154657,PIC_20190531_155357,PIC_20190531_154452,PIC_20190531_154608,PIC_20190531_160505,PIC_20190531_160815
PIC_20190531_135056,PIC_20190531_134936,PIC_20190531_135137,PIC_20190531_135326,PIC_20190531_135457,PIC_20190531_143250,PIC_20190531_143106
PIC_20190531_141846,PIC_20190531_141957,PIC_20190531_142103,PIC_20190531_141748,PIC_20190531_161158,PIC_20190531_160815,PIC_20190531_141637
PIC_20190531_152619,PIC_20190531_152443,PIC_20190531_152735,PIC_20190531_153525,PIC_20190531_154608,PIC_20190531_153429,PIC_20190531_144736
PIC_20190531_140919,PIC_20190531_140749,PIC_20190531_141113,PIC_20190531_141237,PIC_20190531_141336,PIC_20190531_153848,PIC_20190531_153525
PIC_20190531_143450,PIC_20190531_143720,PIC_20190531_143910,PIC_20190531_144135,PIC_20190531_144101,PIC_20190531_134936,PIC_20190531_143250
PIC_20190531_161758,PIC_20190531_161539,PIC_20190531_161048,PIC_20190531_144135,PIC_20190531_141637,PIC_20190531_160815,PIC_20190531_153228
PIC_20190531_142758,PIC_20190531_154106,PIC_20190531_153525,PIC_20190531_142901,PIC_20190531_153228,PIC_20190531_142103,PIC_20190531_140749
PIC_20190531_152152,PIC_20190531_152443,PIC_20190531_144736,PIC_20190531_152735,PIC_20190531_144851,PIC_20190531_143910,PIC_20190531_144101
PIC_20190531_160614,PIC_20190531_160505,PIC_20190531_155357,PIC_20190531_160815,PIC_20190531_154452,PIC_20190531_154106,PIC_20190531_140749
PIC_20190531_140957,PIC_20190531_141113,PIC_20190531_140749,PIC_20190531_141336,PIC_20190531_141637,PIC_20190531_141237,PIC_20190531_140624
PIC_20190531_140835,PIC_20190531_140749,PIC_20190531_141113,PIC_20190531_141237,PIC_20190531_142706,PIC_20190531_154016,PIC_20190531_143250
PIC_20190531_143358,PIC_20190531_143910,PIC_20190531_143720,PIC_20190531_143250,PIC_20190531_144101,PIC_20190531_144135,PIC_20190531_134936
PIC_20190531_143617,PIC_20190531_143720,PIC_20190531_144101,PIC_20190531_144135,PIC_20190531_143910,PIC_20190531_134936,PIC_20190531_143250
PIC_20190531_155732,PIC_20190531_160505,PIC_20190531_155357,PIC_20190531_154657,PIC_20190531_154608,PIC_20190531_154452,PIC_20190531_160815
PIC_20190531_135843,PIC_20190531_143007,PIC_20190531_142901,PIC_20190531_143106,PIC_20190531_135652,PIC_20190531_135457,PIC_20190531_143250
PIC_20190531_153633,PIC_20190531_154106,PIC_20190531_153429,PIC_20190531_154016,PIC_20190531_153525,PIC_20190531_154452,PIC_20190531_153744
PIC_20190531_142522,PIC_20190531_142901,PIC_20190531_141748,PIC_20190531_161158,PIC_20190531_142617,PIC_20190531_143106,PIC_20190531_153744
PIC_20190531_161856,PIC_20190531_154346,PIC_20190531_153525,PIC_20190531_161048,PIC_20190531_141113,PIC_20190531_161446,PIC_20190531_155357
PIC_20190531_140018,PIC_20190531_140348,PIC_20190531_143007,PIC_20190531_153848,PIC_20190531_142901,PIC_20190531_143250,PIC_20190531_135326
PIC_20190531_160400,PIC_20190531_160505,PIC_20190531_144851,PIC_20190531_154657,PIC_20190531_154346,PIC_20190531_152735,PIC_20190531_143250
PIC_20190531_135556,PIC_20190531_135457,PIC_20190531_135652,PIC_20190531_143106,PIC_20190531_135326,PIC_20190531_135137,PIC_20190531_143007
PIC_20190531_140209,PIC_20190531_161539,PIC_20190531_154016,PIC_20190531_154106,PIC_20190531_141748,PIC_20190531_144736,PIC_20190531_161446
PIC_20190531_154757,PIC_20190531_154657,PIC_20190531_154346,PIC_20190531_154452,PIC_20190531_154608,PIC_20190531_153429,PIC_20190531_160505
PIC_20190531_154300,PIC_20190531_154452,PIC_20190531_154106,PIC_20190531_154016,PIC_20190531_154346,PIC_20190531_153744,PIC_20190531_153429
PIC_20190531_144546,PIC_20190531_144736,PIC_20190531_144640,PIC_20190531_144101,PIC_20190531_144135,PIC_20190531_143720,PIC_20190531_143910
PIC_20190601_124058,PIC_20190601_123954,PIC_20190601_123846,PIC_20190601_123648,PIC_20190601_122843,PIC_20190601_123234,PIC_20190601_123051
PIC_20190601_140203,PIC_20190601_140438,PIC_20190601_140250,PIC_20190601_140335,PIC_20190601_135852,PIC_20190601_140112,PIC_20190601_134009
PIC_20190601_125307,PIC_20190601_125211,PIC_20190601_125359,PIC_20190601_142416,PIC_20190601_124907,PIC_20190601_141519,PIC_20190601_140112
PIC_20190601_133254,PIC_20190601_133339,PIC_20190601_135852,PIC_20190601_130125,PIC_20190601_132930,PIC_20190601_132706,PIC_20190601_140250
PIC_20190601_142622,PIC_20190601_142416,PIC_20190601_142716,PIC_20190601_135755,PIC_20190601_142904,PIC_20190601_133555,PIC_20190601_123648
PIC_20190601_125739,PIC_20190601_131432,PIC_20190601_125644,PIC_20190601_131540,PIC_20190601_140438,PIC_20190601_140632,PIC_20190601_125359
PIC_20190601_125454,PIC_20190601_125644,PIC_20190601_125359,PIC_20190601_132838,PIC_20190601_140112,PIC_20190601_140438,PIC_20190601_133649
PIC_20190601_133113,PIC_20190601_132930,PIC_20190601_133339,PIC_20190601_132755,PIC_20190601_135028,PIC_20190601_135852,PIC_20190601_135710
PIC_20190601_123427,PIC_20190601_142904,PIC_20190601_123234,PIC_20190601_123648,PIC_20190601_142716,PIC_20190601_142416,PIC_20190601_123051
PIC_20190601_125827,PIC_20190601_131432,PIC_20190601_140632,PIC_20190601_131540,PIC_20190601_133555,PIC_20190601_130125,PIC_20190601_125644
PIC_20190601_130744,PIC_20190601_141748,PIC_20190601_141519,PIC_20190601_130125,PIC_20190601_141035,PIC_20190601_135710,PIC_20190601_132930
PIC_20190601_135127,PIC_20190601_135233,PIC_20190601_135028,PIC_20190601_134617,PIC_20190601_133555,PIC_20190601_134831,PIC_20190601_140335
PIC_20190601_132521,PIC_20190601_132706,PIC_20190601_132434,PIC_20190601_135852,PIC_20190601_141435,PIC_20190601_141035,PIC_20190601_132930
PIC_20190601_123749,PIC_20190601_123954,PIC_20190601_123648,PIC_20190601_122843,PIC_20190601_123846,PIC_20190601_123234,PIC_20190601_123051
PIC_20190601_132607,PIC_20190601_132755,PIC_20190601_132706,PIC_20190601_132434,PIC_20190601_132930,PIC_20190601_125359,PIC_20190601_124907
PIC_20190601_132042,PIC_20190601_131912,PIC_20190601_140843,PIC_20190601_131540,PIC_20190601_140335,PIC_20190601_140632,PIC_20190601_140438
PIC_20190601_132232,PIC_20190601_141435,PIC_20190601_134831,PIC_20190601_134732,PIC_20190601_131540,PIC_20190601_140250,PIC_20190601_140112
PIC_20190601_142008,PIC_20190601_142904,PIC_20190601_142416,PIC_20190601_123234,PIC_20190601_142716,PIC_20190601_123648,PIC_20190601_123051
PIC_20190601_135946,PIC_20190601_135755,PIC_20190601_135710,PIC_20190601_140112,PIC_20190601_135852,PIC_20190601_141035,PIC_20190601_135445
PIC_20190601_133917,PIC_20190601_133339,PIC_20190601_134009,PIC_20190601_135755,PIC_20190601_130311,PIC_20190601_134617,PIC_20190601_141435
PIC_20190601_131751,PIC_20190601_131912,PIC_20190601_135233,PIC_20190601_134732,PIC_20190601_131540,PIC_20190601_125644,PIC_20190601_134831
PIC_20190601_134107,PIC_20190601_134617,PIC_20190601_141035,PIC_20190601_134732,PIC_20190601_134009,PIC_20190601_135233,PIC_20190601_135028
PIC_20190601_140739,PIC_20190601_140843,PIC_20190601_140632,PIC_20190601_140934,PIC_20190601_132838,PIC_20190601_133649,PIC_20190601_140438
PIC_20190601_130018,PIC_20190601_130212,PIC_20190601_130125,PIC_20190601_140335,PIC_20190601_125359,PIC_20190601_125644,PIC_20190601_123051
PIC_20190601_125007,PIC_20190601_124907,PIC_20190601_125359,PIC_20190601_132434,PIC_20190601_125211,PIC_20190601_140335,PIC_20190601_135233
PIC_20190601_124250,PIC_20190601_124404,PIC_20190601_123846,PIC_20190601_122843,PIC_20190601_124633,PIC_20190601_140112,PIC_20190601_142716
PIC_20190601_141142,PIC_20190601_141035,PIC_20190601_141519,PIC_20190601_141435,PIC_20190601_141748,PIC_20190601_135852,PIC_20190601_140112
PIC_20190601_123336,PIC_20190601_142904,PIC_20190601_123234,PIC_20190601_123051,PIC_20190601_123648,PIC_20190601_122843,PIC_20190601_130311
PIC_20190601_135626,PIC_20190601_135445,PIC_20190601_135710,PIC_20190601_135755,PIC_20190601_141748,PIC_20190601_130125,PIC_20190601_141035
PIC_20190601_124449,PIC_20190601_124404,PIC_20190601_124633,PIC_20190601_123954,PIC_20190601_140250,PIC_20190601_134617,PIC_20190601_124907
PIC_20190601_125921,PIC_20190601_132838,PIC_20190601_131432,PIC_20190601_131540,PIC_20190601_140250,PIC_20190601_125644,PIC_20190601_140632
PIC_20190601_124147,PIC_20190601_123648,PIC_20190601_123954,PIC_20190601_123846,PIC_20190601_124404,PIC_20190601_142904,PIC_20190601_134732
PIC_20190601_122958,PIC_20190601_123051,PIC_20190601_122843,PIC_20190601_123234,PIC_20190601_133555,PIC_20190601_130311,PIC_20190601_134009
PIC_20190601_131325,PIC_20190601_141748,PIC_20190601_130212,PIC_20190601_140250,PIC_20190601_130125,PIC_20190601_135852,PIC_20190601_131432
PIC_20190601_124801,PIC_20190601_124633,PIC_20190601_123954,PIC_20190601_123648,PIC_20190601_123846,PIC_20190601_125644,PIC_20190601_131432
PIC_20190601_125113,PIC_20190601_125211,PIC_20190601_125359,PIC_20190601_130125,PIC_20190601_132930,PIC_20190601_133555,PIC_20190601_124907
PIC_20190601_133831,PIC_20190601_134009,PIC_20190601_130212,PIC_20190601_140250,PIC_20190601_140632,PIC_20190601_132838,PIC_20190601_133649
PIC_20190601_124540,PIC_20190601_124633,PIC_20190601_124404,PIC_20190601_123954,PIC_20190601_133555,PIC_20190601_123648,PIC_20190601_134831
PIC_20190601_125552,PIC_20190601_125359,PIC_20190601_125644,PIC_20190601_124907,PIC_20190601_132755,PIC_20190601_132434,PIC_20190601_125211
PIC_20190601_141653,PIC_20190601_141519,PIC_20190601_141748,PIC_20190601_141035,PIC_20190601_130125,PIC_20190601_140112,PIC_20190601_130311
PIC_20190601_155624,PIC_20190601_155741,PIC_20190601_154850,PIC_20190601_161637,PIC_20190601_165436,PIC_20190601_153131,PIC_20190601_161727
PIC_20190601_153217,PIC_20190601_153716,PIC_20190601_153755,PIC_20190601_153648,PIC_20190601_162808,PIC_20190601_153457,PIC_20190601_153131
PIC_20190601_162443,PIC_20190601_162640,PIC_20190601_162158,PIC_20190601_162931,PIC_20190601_162353,PIC_20190601_162808,PIC_20190601_162528
PIC_20190601_154116,PIC_20190601_154546,PIC_20190601_153755,PIC_20190601_153648,PIC_20190601_154421,PIC_20190601_155022,PIC_20190601_155502
PIC_20190601_162722,PIC_20190601_162808,PIC_20190601_162353,PIC_20190601_162158,PIC_20190601_162011,PIC_20190601_162640,PIC_20190601_160242
PIC_20190601_152232,PIC_20190601_152102,PIC_20190601_151743,PIC_20190601_160323,PIC_20190601_164858,PIC_20190601_153755,PIC_20190601_153648
PIC_20190601_161354,PIC_20190601_160128,PIC_20190601_161232,PIC_20190601_155300,PIC_20190601_160323,PIC_20190601_162640,PIC_20190601_162528
PIC_20190601_164630,PIC_20190601_164512,PIC_20190601_164930,PIC_20190601_165059,PIC_20190601_164155,PIC_20190601_164405,PIC_20190601_163753
PIC_20190601_153251,PIC_20190601_153648,PIC_20190601_155502,PIC_20190601_153131,PIC_20190601_153716,PIC_20190601_153457,PIC_20190601_161838
PIC_20190601_162848,PIC_20190601_162931,PIC_20190601_162808,PIC_20190601_162353,PIC_20190601_162640,PIC_20190601_162158,PIC_20190601_163638
PIC_20190601_152615,PIC_20190601_152659,PIC_20190601_154248,PIC_20190601_165343,PIC_20190601_165059,PIC_20190601_153131,PIC_20190601_154334
PIC_20190601_162958,PIC_20190601_162931,PIC_20190601_153131,PIC_20190601_164858,PIC_20190601_153457,PIC_20190601_161602,PIC_20190601_162011
PIC_20190601_152535,PIC_20190601_164239,PIC_20190601_153457,PIC_20190601_160013,PIC_20190601_153648,PIC_20190601_154850,PIC_20190601_153131
PIC_20190601_152841,PIC_20190601_153716,PIC_20190601_160242,PIC_20190601_162011,PIC_20190601_164332,PIC_20190601_155300,PIC_20190601_153755
PIC_20190601_153537,PIC_20190601_153613,PIC_20190601_153457,PIC_20190601_154421,PIC_20190601_154334,PIC_20190601_155300,PIC_20190601_154248
PIC_20190601_163335,PIC_20190601_163553,PIC_20190601_163638,PIC_20190601_162931,PIC_20190601_165436,PIC_20190601_164930,PIC_20190601_161602
PIC_20190601_152355,PIC_20190601_160128,PIC_20190601_153457,PIC_20190601_160242,PIC_20190601_154248,PIC_20190601_164858,PIC_20190601_154546
PIC_20190601_154632,PIC_20190601_154546,PIC_20190601_163638,PIC_20190601_160323,PIC_20190601_160242,PIC_20190601_163829,PIC_20190601_161232
PIC_20190601_162602,PIC_20190601_162528,PIC_20190601_162640,PIC_20190601_162931,PIC_20190601_154421,PIC_20190601_160013,PIC_20190601_164930
PIC_20190601_163443,PIC_20190601_153755,PIC_20190601_160242,PIC_20190601_164155,PIC_20190601_163753,PIC_20190601_162353,PIC_20190601_161727
PIC_20190601_155340,PIC_20190601_160013,PIC_20190601_160128,PIC_20190601_160242,PIC_20190601_153457,PIC_20190601_161521,PIC_20190601_164405
PIC_20190601_163902,PIC_20190601_164101,PIC_20190601_163638,PIC_20190601_163553,PIC_20190601_163829,PIC_20190601_164239,PIC_20190601_164155
PIC_20190601_160051,PIC_20190601_155300,PIC_20190601_160128,PIC_20190601_161232,PIC_20190601_162011,PIC_20190601_154421,PIC_20190601_155022
PIC_20190601_164017,PIC_20190601_163944,PIC_20190601_163553,PIC_20190601_153648,PIC_20190601_154546,PIC_20190601_162808,PIC_20190601_155741
PIC_20190601_163139,PIC_20190601_162808,PIC_20190601_163753,PIC_20190601_162353,PIC_20190601_163638,PIC_20190601_162931,PIC_20190601_162640
PIC_20190601_162115,PIC_20190601_162528,PIC_20190601_162640,PIC_20190601_162158,PIC_20190601_161521,PIC_20190601_161838,PIC_20190601_165436
PIC_20190601_163259,PIC_20190601_163638,PIC_20190601_163829,PIC_20190601_164155,PIC_20190601_164405,PIC_20190601_163753,PIC_20190601_162931
PIC_20190601_153053,PIC_20190601_153008,PIC_20190601_154850,PIC_20190601_165436,PIC_20190601_153131,PIC_20190601_160323,PIC_20190601_161232
PIC_20190601_161311,PIC_20190601_160128,PIC_20190601_161232,PIC_20190601_155300,PIC_20190601_161602,PIC_20190601_162640,PIC_20190601_160323
PIC_20190601_162320,PIC_20190601_164512,PIC_20190601_154248,PIC_20190601_162931,PIC_20190601_163753,PIC_20190601_152102,PIC_20190601_162353
PIC_20190601_153842,PIC_20190601_153131,PIC_20190601_160242,PIC_20190601_153755,PIC_20190601_164708,PIC_20190601_154850,PIC_20190601_164858
PIC_20190601_152316,PIC_20190601_152102,PIC_20190601_153755,PIC_20190601_161727,PIC_20190601_162353,PIC_20190601_160323,PIC_20190601_164239
PIC_20190601_165144,PIC_20190601_165059,PIC_20190601_163226,PIC_20190601_163553,PIC_20190601_161232,PIC_20190601_164858,PIC_20190601_162931
PIC_20190601_161003,PIC_20190601_160323,PIC_20190601_161727,PIC_20190601_160242,PIC_20190601_164332,PIC_20190601_162353,PIC_20190601_160905
PIC_20190601_154502,PIC_20190601_154248,PIC_20190601_153716,PIC_20190601_154421,PIC_20190601_154546,PIC_20190601_155300,PIC_20190601_155022
PIC_20190601_155840,PIC_20190601_155502,PIC_20190601_154248,PIC_20190601_162931,PIC_20190601_164858,PIC_20190601_164930,PIC_20190601_160242
PIC_20190601_154002,PIC_20190601_155704,PIC_20190601_153755,PIC_20190601_155022,PIC_20190601_154248,PIC_20190601_163944,PIC_20190601_165343
PIC_20190601_161440,PIC_20190601_161232,PIC_20190601_161521,PIC_20190601_162011,PIC_20190601_162158,PIC_20190601_160128,PIC_20190601_161133
PIC_20190601_152917,PIC_20190601_153131,PIC_20190601_153008,PIC_20190601_164512,PIC_20190601_153755,PIC_20190601_153716,PIC_20190601_164332
PIC_20190601_164821,PIC_20190601_164858,PIC_20190601_165436,PIC_20190601_165343,PIC_20190601_154421,PIC_20190601_165304,PIC_20190601_164332
PIC_20190601_155207,PIC_20190601_155300,PIC_20190601_154421,PIC_20190601_153648,PIC_20190601_154248,PIC_20190601_160242,PIC_20190601_161232
PIC_20190601_152449,PIC_20190601_153613,PIC_20190601_162353,PIC_20190601_162158,PIC_20190601_153648,PIC_20190601_160242,PIC_20190601_163753
PIC_20190601_161050,PIC_20190601_160242,PIC_20190601_160323,PIC_20190601_154334,PIC_20190601_164332,PIC_20190601_161133,PIC_20190601_161232
PIC_20190601_154041,PIC_20190601_160128,PIC_20190601_155704,PIC_20190601_154248,PIC_20190601_162011,PIC_20190601_153131,PIC_20190601_161602
PIC_20190601_162042,PIC_20190601_161232,PIC_20190601_162011,PIC_20190601_160128,PIC_20190601_162158,PIC_20190601_154248,PIC_20190601_161521
PIC_20190601_162236,PIC_20190601_162158,PIC_20190601_161838,PIC_20190601_162353,PIC_20190601_162011,PIC_20190601_161521,PIC_20190601_161232
PIC_20190601_164745,PIC_20190601_164858,PIC_20190601_164332,PIC_20190601_164708,PIC_20190601_164930,PIC_20190601_165343,PIC_20190601_165436
PIC_20190601_164547,PIC_20190601_165059,PIC_20190601_164512,PIC_20190601_164101,PIC_20190601_163226,PIC_20190601_161637,PIC_20190601_163829
PIC_20190601_190040,PIC_20190601_185946,PIC_20190601_183805,PIC_20190601_185722,PIC_20190601_185632,PIC_20190601_183602,PIC_20190601_185819
PIC_20190601_180755,PIC_20190601_174915,PIC_20190601_174637,PIC_20190601_175611,PIC_20190601_174609,PIC_20190601_174827,PIC_20190601_175341
PIC_20190601_175533,PIC_20190601_175611,PIC_20190601_174348,PIC_20190601_174316,PIC_20190601_175341,PIC_20190601_175258,PIC_20190601_174244
PIC_20190601_184328,PIC_20190601_181105,PIC_20190601_185515,PIC_20190601_174157,PIC_20190601_184208,PIC_20190601_185546,PIC_20190601_175341
PIC_20190601_174048,PIC_20190601_174003,PIC_20190601_173736,PIC_20190601_184722,PIC_20190601_174157,PIC_20190601_175258,PIC_20190601_181524
PIC_20190601_182729,PIC_20190601_182806,PIC_20190601_183219,PIC_20190601_182848,PIC_20190601_182559,PIC_20190601_183259,PIC_20190601_183103
PIC_20190601_175733,PIC_20190601_174915,PIC_20190601_174609,PIC_20190601_174827,PIC_20190601_175611,PIC_20190601_174637,PIC_20190601_174718
PIC_20190601_182346,PIC_20190601_182130,PIC_20190601_182104,PIC_20190601_183528,PIC_20190601_183219,PIC_20190601_182246,PIC_20190601_182031
PIC_20190601_184247,PIC_20190601_184208,PIC_20190601_181105,PIC_20190601_174003,PIC_20190601_185546,PIC_20190601_185515,PIC_20190601_184722
PIC_20190601_185901,PIC_20190601_185946,PIC_20190601_185819,PIC_20190601_185722,PIC_20190601_183805,PIC_20190601_185632,PIC_20190601_183528
PIC_20190601_183330,PIC_20190601_183259,PIC_20190601_183451,PIC_20190601_183638,PIC_20190601_183602,PIC_20190601_183103,PIC_20190601_183024
PIC_20190601_174451,PIC_20190601_174348,PIC_20190601_174609,PIC_20190601_174316,PIC_20190601_174915,PIC_20190601_174637,PIC_20190601_175611
PIC_20190601_175807,PIC_20190601_174827,PIC_20190601_174915,PIC_20190601_174637,PIC_20190601_181105,PIC_20190601_175611,PIC_20190601_174003
PIC_20190601_180721,PIC_20190601_175611,PIC_20190601_173736,PIC_20190601_174348,PIC_20190601_174718,PIC_20190601_174609,PIC_20190601_174915
PIC_20190601_183933,PIC_20190601_183805,PIC_20190601_183733,PIC_20190601_183638,PIC_20190601_185722,PIC_20190601_185546,PIC_20190601_183602
PIC_20190601_181339,PIC_20190601_181243,PIC_20190601_181826,PIC_20190601_181105,PIC_20190601_181443,PIC_20190601_181930,PIC_20190601_181706
PIC_20190601_182525,PIC_20190601_182421,PIC_20190601_182559,PIC_20190601_182031,PIC_20190601_181826,PIC_20190601_182246,PIC_20190601_183451
PIC_20190601_175222,PIC_20190601_174316,PIC_20190601_175258,PIC_20190601_174348,PIC_20190601_174244,PIC_20190601_175341,PIC_20190601_174157
PIC_20190601_184505,PIC_20190601_174157,PIC_20190601_175341,PIC_20190601_174003,PIC_20190601_184722,PIC_20190601_181105,PIC_20190601_175258
PIC_20190601_181856,PIC_20190601_181930,PIC_20190601_181826,PIC_20190601_185819,PIC_20190601_183451,PIC_20190601_182104,PIC_20190601_183528
PIC_20190601_180913,PIC_20190601_181105,PIC_20190601_181243,PIC_20190601_181443,PIC_20190601_185819,PIC_20190601_174157,PIC_20190601_175341
PIC_20190601_185318,PIC_20190601_185515,PIC_20190601_181105,PIC_20190601_181524,PIC_20190601_185632,PIC_20190601_185546,PIC_20190601_185819
PIC_20190601_175409,PIC_20190601_174244,PIC_20190601_175341,PIC_20190601_175258,PIC_20190601_174316,PIC_20190601_174348,PIC_20190601_174157
PIC_20190601_181404,PIC_20190601_181443,PIC_20190601_181243,PIC_20190601_181524,PIC_20190601_181706,PIC_20190601_181105,PIC_20190601_181826
PIC_20190601_185213,PIC_20190601_185515,PIC_20190601_181105,PIC_20190601_185632,PIC_20190601_185546,PIC_20190601_175341,PIC_20190601_185722
PIC_20190601_175109,PIC_20190601_174348,PIC_20190601_174316,PIC_20190601_175258,PIC_20190601_175611,PIC_20190601_174915,PIC_20190601_174609
PIC_20190601_184023,PIC_20190601_184208,PIC_20190601_183733,PIC_20190601_183805,PIC_20190601_183638,PIC_20190601_183602,PIC_20190601_181524
PIC_20190601_174418,PIC_20190601_174348,PIC_20190601_174316,PIC_20190601_175258,PIC_20190601_175341,PIC_20190601_174609,PIC_20190601_174244
PIC_20190601_181023,PIC_20190601_181105,PIC_20190601_185515,PIC_20190601_181443,PIC_20190601_175341,PIC_20190601_181524,PIC_20190601_174157
PIC_20190601_180558,PIC_20190601_181243,PIC_20190601_174244,PIC_20190601_175341,PIC_20190601_181443,PIC_20190601_174316,PIC_20190601_181524
PIC_20190601_185031,PIC_20190601_174157,PIC_20190601_175341,PIC_20190601_174003,PIC_20190601_174244,PIC_20190601_185819,PIC_20190601_181105
PIC_20190601_175025,PIC_20190601_174348,PIC_20190601_175611,PIC_20190601_174316,PIC_20190601_174609,PIC_20190601_174915,PIC_20190601_174244
PIC_20190601_175155,PIC_20190601_174316,PIC_20190601_174348,PIC_20190601_175258,PIC_20190601_174244,PIC_20190601_175341,PIC_20190601_174637
PIC_20190601_180837,PIC_20190601_181243,PIC_20190601_175258,PIC_20190601_175341,PIC_20190601_181105,PIC_20190601_174348,PIC_20190601_174316
PIC_20190601_175451,PIC_20190601_174316,PIC_20190601_174348,PIC_20190601_175341,PIC_20190601_175258,PIC_20190601_174244,PIC_20190601_175611
PIC_20190601_174748,PIC_20190601_174718,PIC_20190601_174637,PIC_20190601_174827,PIC_20190601_174609,PIC_20190601_174915,PIC_20190601_175611
PIC_20190601_185430,PIC_20190601_185515,PIC_20190601_185546,PIC_20190601_181105,PIC_20190601_185632,PIC_20190601_185722,PIC_20190601_185819
PIC_20190601_183140,PIC_20190601_183103,PIC_20190601_183219,PIC_20190601_182806,PIC_20190601_183259,PIC_20190601_183024,PIC_20190601_183451
PIC_20190601_184550,PIC_20190601_174003,PIC_20190601_184722,PIC_20190601_173736,PIC_20190601_175258,PIC_20190601_174244,PIC_20190601_175341
PIC_20190601_174119,PIC_20190601_174157,PIC_20190601_175341,PIC_20190601_174003,PIC_20190601_174244,PIC_20190601_185819,PIC_20190601_185722
